Job Title,Job Location,Job Posting Date,Job ID,Job Link
"Sales Consultant - Austin, TX","Austin, TX",Posted Today,['JR6915'],/job/Austin-TX/Sales-Consultant---Austin--TX_JR6915
Procurement Coordinator (FIELD),"Myrtle Beach, SC",Posted Today,['JR6914'],/job/Myrtle-Beach-SC/Procurement-Coordinator--FIELD-_JR6914
Infrastructure Engineer I - (PGP Title),"Coppell, TX",Posted Yesterday,['JR6795'],/job/Coppell-TX/Infrastructure-Engineer-I----PGP-Title-_JR6795
Vendor & Consumer Services Liaison - (Pulte Mortgage),"Englewood, CO",Posted Yesterday,['JR6911'],/job/Englewood-CO/Vendor---Consumer-Services-Liaison----Pulte-Mortgage-_JR6911
"Marketing Coordinator - Charleston, SC","North Charleston, SC",Posted Yesterday,['JR6891'],/job/North-Charleston-SC/Marketing-Coordinator---Charleston--SC_JR6891
"Contract Coordinator - Charlotte, NC","Charlotte, NC",Posted Yesterday,['JR6890'],/job/Charlotte-NC/Contract-Coordinator_JR6890
Marketing Manager,"Schaumburg, IL",Posted Yesterday,['JR6867'],/job/Schaumburg-IL/Marketing-Manager_JR6867
Division Controller,"Scottsdale, AZ",Posted 2 Days Ago,['JR6907'],/job/Scottsdale-AZ/Division-Controller_JR6907
Host II (Babcock Ranch Area),"Bonita Springs, FL",Posted 2 Days Ago,['JR6906'],/job/Bonita-Springs-FL/Host-II--Babcock-Ranch-Area-_JR6906
Host II,"Orlando, FL",Posted 2 Days Ago,['JR6866'],/job/Orlando-FL/Host-II_JR6866
Customer Care Manager II,"Carmel, IN",Posted 2 Days Ago,['JR6858'],/job/Carmel-IN/Customer-Care-Manager_JR6858
Branch Coordinator (Pulte Mortgage),"Alpharetta, GA",Posted 2 Days Ago,['JR6724'],/job/Alpharetta-GA/Branch-Coordinator--Pulte-Mortgage-_JR6724
New Home Sales Consultant,"Carmel, IN",Posted 2 Days Ago,['JR6826'],/job/Carmel-IN/New-Home-Sales-Consultant_JR6826
New Home Sales Consultant,"Schaumburg, IL",Posted 2 Days Ago,['JR6905'],/job/Schaumburg-IL/New-Home-Sales-Consultant_JR6905
Capital Markets/Post Closing Intern - (Pulte Mortgage),"Englewood, CO",Posted 3 Days Ago,['JR6887'],/job/Englewood-CO/Capital-Markets-Post-Closing-Intern----Pulte-Mortgage-_JR6887
Security Operations Engineer (Pulte Mortgage),3 Locations,Posted 3 Days Ago,['JR6874'],/job/Englewood-CO/Security-Operations-Engineer--Pulte-Mortgage-_JR6874
Branch Manager (PGP Title),"San Antonio, TX",Posted 3 Days Ago,['JR5851'],/job/San-Antonio-TX/Escrow-Branch-Manager--PGP-Title-_JR5851-1
Online Sales Specialist,"Riverview, FL",Posted 3 Days Ago,['JR6889'],/job/Riverview-FL/Online-Sales-Specialist_JR6889
Mortgage Branch Manager (Pulte Mortgage),"West Palm Beach, FL",Posted 4 Days Ago,['JR6900'],/job/West-Palm-Beach-FL/Mortgage-Branch-Manager--Pulte-Mortgage-_JR6900
2nd Shift - Production Manager,"Florence, SC",Posted 4 Days Ago,['JR6803'],/job/Florence-SC/XMLNAME-2nd-Shift---Production-Manager_JR6803
Online Sales Specialist,"Westborough, MA",Posted 4 Days Ago,['JR6897'],/job/Westborough-MA/Online-Sales-Specialist_JR6897
Escrow Production Manager (PGP Title),"Orlando, FL",Posted 4 Days Ago,['JR6705'],/job/Orlando-FL/Escrow-Production-Manager--PGP-Title-_JR6705-1
Construction Manager (Land O Lakes),"Riverview, FL",Posted 4 Days Ago,['JR5068'],/job/Riverview-FL/Construction-Manager--Land-O-Lakes-_JR5068
Assistant Construction Manager (Land O Lakes),"Riverview, FL",Posted 4 Days Ago,['JR5070'],/job/Riverview-FL/Assistant-Construction-Manager--Land-O-Lakes-_JR5070
Assistant Construction Manager (Wesley Chapel),"Riverview, FL",Posted 4 Days Ago,['JR5069'],/job/Riverview-FL/Assistant-Construction-Manager--Wesley-Chapel-_JR5069
NSS Senior Accountant I,"Atlanta, GA",Posted 7 Days Ago,['JR6880'],/job/Atlanta-GA/NSS-Senior-Accountant-I_JR6880
NSS Staff Accountant I,"Atlanta, GA",Posted 7 Days Ago,['JR6882'],/job/Atlanta-GA/NSS-Staff-Accountant-I_JR6882
Senior Software Engineer in Test (SDET) - Pulte Mortgage,"Englewood, CO",Posted 7 Days Ago,['JR6878'],/job/Englewood-CO/Senior-Software-Engineer-in-Test--SDET----Pulte-Mortgage_JR6878-1
Construction Manager - HD (High Density),2 Locations,Posted 7 Days Ago,['JR6692'],/job/Fairfax-VA/Construction-Manager---HD--High-Density-_JR6692
"Procurement Coordinator - Austin, TX","Austin, TX",Posted 7 Days Ago,['JR6886'],/job/Austin-TX/Procurement-Coordinator---Austin--TX_JR6886
"Land Project Manager - Coppell, TX","Coppell, TX",Posted 7 Days Ago,['JR6885'],/job/Coppell-TX/Land-Project-Manager---Coppell--TX_JR6885-1
Construction Manager,"Strongsville, OH",Posted 7 Days Ago,['JR6600'],/job/Strongsville-OH/Construction-Manager_JR6600
Construction Manager,"Sunbury, Ohio",Posted 7 Days Ago,['JR6857'],/job/Sunbury-Ohio/Construction-Manager_JR6857
Construction Manager,2 Locations,Posted 7 Days Ago,['JR6781'],/job/Sunbury-Ohio/Construction-Manager_JR6781
Construction Manager,"Carmel, IN",Posted 7 Days Ago,['JR6592'],/job/Carmel-IN/Construction-Manager_JR6592
Material Handler (Yard),"Florence, SC",Posted 8 Days Ago,['JR6742'],/job/Florence-SC/Material-Handler--Yard-_JR6742
Construction Manager,"Bridgewater TWP, New Jersey",Posted 8 Days Ago,['JR6812'],/job/Bridgewater-TWP-New-Jersey/Construction-Manager_JR6812
"Governance, Risk & Compliance Analyst III","Atlanta, GA",Posted 8 Days Ago,['JR6570'],/job/Atlanta-GA/Governance--Risk---Compliance-Analyst-III_JR6570
"Marketing Coordinator - Nashville, TN","Brentwood, TN",Posted 8 Days Ago,['JR6879'],/job/Brentwood-TN/Marketing-Coordinator_JR6879
"General Sales Manager - Nashville, TN","Brentwood, TN",Posted 9 Days Ago,['JR6872'],/job/Brentwood-TN/General-Sales-Manager---Nashville--TN_JR6872
"Host I - Nashville, TN","Brentwood, TN",Posted 9 Days Ago,['JR6871'],/job/Brentwood-TN/Host-I---Nashville--TN_JR6871
Title Summer 2025 Intern (PGP Title),"Coppell, TX",Posted 9 Days Ago,['JR6868'],/job/Coppell-TX/Title-Summer-2025-Intern--PGP-Title-_JR6868
"Procurement Agent - Houston, TX","Houston, TX",Posted 9 Days Ago,['JR6627'],/job/Houston-TX/Procurement-Agent---Houston--TX_JR6627
"Manager Land Plan & Entitlement - Austin, TX","Austin, TX",Posted 9 Days Ago,['JR5557'],/job/Austin-TX/Manager-Land-Plan---Entitlement---Austin--TX_JR5557
Construction Manager (Riverview),"Riverview, FL",Posted 9 Days Ago,['JR6798'],/job/Riverview-FL/Construction-Manager_JR6798
2nd Shift Component Assembler (Panel),"Florence, SC",Posted 10 Days Ago,['JR6591'],/job/Florence-SC/XMLNAME-2nd-Shift-Component-Assembler--Panel-_JR6591
"Regional Procurement Manager - Coppell, TX","Coppell, TX",Posted 10 Days Ago,['JR6514'],/job/Coppell-TX/Manager-Strategic-Sourcing---Coppell--TX_JR6514
"Assistant Construction Manager - Columbia, SC","Columbia, SC",Posted 10 Days Ago,['JR6844'],/job/Columbia-SC/Assistant-Construction-Manager---Columbia--SC_JR6844
Sales Consultant,"Albuquerque, NM",Posted 11 Days Ago,['JR6864'],/job/Albuquerque-NM/Sales-Consultant_JR6864
Assistant Controller,"Mission Viejo, CA",Posted 11 Days Ago,['JR6863'],/job/Mission-Viejo-CA/Assistant-Controller_JR6863
Construction Manager,"Las Vegas, NV",Posted 11 Days Ago,['JR6862'],/job/Las-Vegas-NV/Construction-Manager_JR6862
Mortgage Service Liaison - (Pulte Mortgage),"Englewood, CO",Posted 11 Days Ago,['JR6861'],/job/Englewood-CO/Mortgage-Service-Liaison----Pulte-Mortgage-_JR6861
Sales Consultant,"Greenwood Village, Colorado",Posted 11 Days Ago,['JR6860'],/job/Greenwood-Village-Colorado/Sales-Consultant_JR6860
Plant & Field Ops Intern,2 Locations,Posted 11 Days Ago,['JR6659'],/job/Savannah-ICG-Georgia/Plant---Field-Ops-Intern_JR6659
Software Developer III - Data,"Atlanta, GA",Posted 11 Days Ago,['JR6856'],/job/Atlanta-GA/Software-Developer-III---Data_JR6856
Land Planning & Entitlement Manager,"Bridgewater TWP, New Jersey",Posted 11 Days Ago,['JR6853'],/job/Bridgewater-TWP-New-Jersey/Land-Planning---Entitlement-Manager_JR6853
Division Staff Accountant,"Riverview, FL",Posted 11 Days Ago,['JR6854'],/job/Riverview-FL/Division-Staff-Accountant_JR6854
Division Financial Analyst,"Riverview, FL",Posted 11 Days Ago,['JR6140'],/job/Riverview-FL/Division-Financial-Analyst_JR6140
Plant & Field Ops Intern,Charleston Svc Center (ICG),Posted 14 Days Ago,['JR6779'],/job/Charleston-Svc-Center-ICG/Plant---Field-Ops-Intern--Charleston--SC-_JR6779
"IT Manager, Analytics","Atlanta, GA",Posted 14 Days Ago,['JR6846'],/job/Atlanta-GA/IT-Manager--Analytics_JR6846
Design Center Consultant,"Greenwood, Indiana",Posted 15 Days Ago,['JR6628'],/job/Greenwood-Indiana/Design-Center-Consultant_JR6628
"Online Sales Specialist - Brentwood, TN","Brentwood, TN",Posted 15 Days Ago,['JR6790'],/job/Brentwood-TN/Online-Sales-Specialist---Brentwood--TN_JR6790
Senior Manager Market Intelligence,"Bonita Springs, FL",Posted 15 Days Ago,['JR6799'],/job/Bonita-Springs-FL/Senior-Manager-Market-Intelligence_JR6799
Area Manufacturing Scheduling Manager,"Green Cove Springs, FL",Posted 15 Days Ago,['JR6735'],/job/Green-Cove-Springs-FL/Area-Scheduling-Manager_JR6735
Procurement Agent,"Fairfax, VA",Posted 15 Days Ago,['JR6822'],/job/Fairfax-VA/Procurement-Agent_JR6822
Procurement Agent,"Las Vegas, NV",Posted 16 Days Ago,['JR6729'],/job/Las-Vegas-NV/Procurement-Agent_JR6729
New Home Sales Consultant,"Medina, OH",Posted 16 Days Ago,['JR6843'],/job/Medina-OH/New-Home-Sales-Consultant_JR6843
Sales Consultant,"Orlando, FL",Posted 16 Days Ago,['JR6842'],/job/Orlando-FL/Sales-Consultant_JR6842
Virtual Customer Care Manager,"Riverview, FL",Posted 16 Days Ago,['JR6841'],/job/Riverview-FL/Virtual-Customer-Care-Manager_JR6841
"Software Developer, Pre-Construction",2 Locations,Posted 16 Days Ago,['JR6828'],/job/Atlanta-GA/Software-Developer-II_JR6828
Division Director Land Acquisition (Polk County),"Riverview, FL",Posted 16 Days Ago,['JR6839'],/job/Riverview-FL/Division-Director-Land-Acquisition--Polk-County-_JR6839
Sales Consultant (Spartanburg Area),"Greenville, SC",Posted 16 Days Ago,['JR6037'],/job/Greenville-SC/Sales-Consultant--Spartanburg-Area-_JR6037
Division Director Land Acquisition (Ocala Area),"Ocala, FL",Posted 16 Days Ago,['JR6838'],/job/Ocala-FL/Division-Director-Land-Acquisition--Ocala-Area-_JR6838
Host II (Viera Area),"Orlando, FL",Posted 16 Days Ago,['JR6837'],/job/Orlando-FL/Host-II--Viera-Area-_JR6837
Procurement Agent,"Bridgewater TWP, New Jersey",Posted 17 Days Ago,['JR6836'],/job/Bridgewater-TWP-New-Jersey/Procurement-Agent_JR6836
2nd Shift Component Assembler (Panel),"Green Cove Springs, FL",Posted 17 Days Ago,['JR6834'],/job/Green-Cove-Springs-FL/XMLNAME-2nd-Shift-Component-Assembler--Panel-_JR6834
Assistant Escrow Officer (PGP Title),"Riverview, FL (PGP Title)",Posted 17 Days Ago,['JR6831'],/job/Riverview-FL-PGP-Title/Assistant-Escrow-Officer--PGP-Title-_JR6831
"Sales Consultant - San Antonio, TX","San Antonio, TX",Posted 21 Days Ago,['JR6830'],/job/San-Antonio-TX/Sales-Consultant---San-Antonio--TX_JR6830
Manager Land Acquisition,"Greenwood Village, Colorado",Posted 22 Days Ago,['JR6814'],/job/Greenwood-Village-Colorado/Manager-Land-Acquisition_JR6814
Division Assistant Controller,"Salt Lake City, UT",Posted 22 Days Ago,['JR6825'],/job/Salt-Lake-City-UT/Division-Assistant-Controller_JR6825
Sales Consultant,"Dublin, OH",Posted 22 Days Ago,['JR6688'],/job/Dublin-OH/Sales-Consultant_JR6688
"Senior Manager, Cyber Security",2 Locations,Posted 22 Days Ago,['JR6700'],/job/Tempe-AZ/IT-Senior-Manager_JR6700
Escrow Officer (PGP Title),"Houston, TX",Posted 22 Days Ago,['JR6178'],/job/Houston-TX/Escrow-Officer--PGP-Title-_JR6178
Construction Manager,"Albuquerque, NM",Posted 23 Days Ago,['JR6820'],/job/Albuquerque-NM/Construction-Manager_JR6820
Construction Manager,"Las Vegas, NV",Posted 23 Days Ago,['JR6819'],/job/Las-Vegas-NV/Construction-Manager_JR6819
Division VP Land Planning & Development,"Fairfax, VA",Posted 23 Days Ago,['JR6815'],/job/Fairfax-VA/Division-VP-Land-Planning---Dev_JR6815
Escrow Manager (PGP Title),"Bloomington, MN",Posted 24 Days Ago,['JR6813'],/job/Bloomington-MN/Escrow-Manager--PGP-Title-_JR6813
Host II,"Riverview, FL",Posted 24 Days Ago,['JR6809'],/job/Riverview-FL/Host-II_JR6809
Sales Associate,"Riverview, FL",Posted 24 Days Ago,['JR6808'],/job/Riverview-FL/Sales-Associate_JR6808
Sales Consultant (Parrish Area),"Riverview, FL",Posted 24 Days Ago,['JR6807'],/job/Riverview-FL/Sales-Consultant--Parrish-Area-_JR6807
Sales Consultant (Spring Hill Area),"Riverview, FL",Posted 24 Days Ago,['JR6805'],/job/Riverview-FL/Sales-Consultant--Spring-Hill-Area-_JR6805
"Sales Administrator - Wilmington, NC","Wilmington, NC",Posted 24 Days Ago,['JR6802'],/job/Wilmington-NC/Sales-Administrator---Wilmington--NC_JR6802
Market Intelligence Senior Analyst,"Bonita Springs, FL",Posted 25 Days Ago,['JR6800'],/job/Bonita-Springs-FL/Market-Intelligence-Senior-Analyst_JR6800
Manager Land Acquisition,"Greenville, SC",Posted 25 Days Ago,['JR6501'],/job/Greenville-SC/Manager-Land-Acquisition_JR6501
Land Financial Analyst,"Riverview, FL",Posted 25 Days Ago,['JR6797'],/job/Riverview-FL/Land-Financial-Analyst_JR6797
Division President,"Salt Lake City, UT",Posted 28 Days Ago,['JR6727'],/job/Salt-Lake-City-UT/Salt-Lake-City-Division-President_JR6727
Division Director Marketing,"West Palm Beach, FL",Posted 28 Days Ago,['JR6039'],/job/West-Palm-Beach-FL/Division-Director-of-Marketing_JR6039
"IT Software Developer Intern (Internal Applications) - Atlanta, Ga or Tempe, Az","Atlanta, GA",Posted 28 Days Ago,['JR6641'],/job/Atlanta-GA/IT-Intern---Atlanta--Ga_JR6641
Finance Intern (Multiple Locations),10 Locations,Posted 28 Days Ago,['JR6187'],/job/Atlanta-GA/Finance-Intern--Multiple-Locations-_JR6187
1st Shift Machine Operator - Panel,"Florence, SC",Posted 28 Days Ago,['JR6793'],/job/Florence-SC/XMLNAME-1st-Shift-Machine-Operator---Panel_JR6793
"Senior Corporate Auditor, Finance Leadership Development","Atlanta, GA",Posted 28 Days Ago,['JR5547'],/job/Atlanta-GA/Corporate-Audit-Senior-I_JR5547
Mortgage Operations Learning & Development Intern - Summer 2025 - (Pulte Mortgage),"Englewood, CO",Posted 28 Days Ago,['JR6673'],/job/Englewood-CO/Mortgage-Operations-Learning---Development-Intern---Summer-2024----Pulte-Mortgage-_JR6673
Plant & Field Ops Intern,"Jacksonville, FL",Posted 29 Days Ago,['JR6656'],/job/Jacksonville-FL/Plant---Field-Ops-Intern--Jacksonville--FL-and-Green-Cove-Springs--FL_JR6656
Land Acquisition Analyst,"Portland, Oregon",Posted 30 Days Ago,['JR6171'],/job/Portland-Oregon/Land-Financial-Analyst_JR6171-1
Sales Intern (Multiple Locations),24 Locations,Posted 30 Days Ago,['JR6191'],/job/Atlanta-GA/Sales-Intern--Multiple-Locations-_JR6191
"Host I - Coppell, TX","Coppell, TX",Posted 30 Days Ago,['JR6788'],/job/Coppell-TX/Host-I---Coppell--TX_JR6788
Customer Care Manager II,"Louisville, KY",Posted 30 Days Ago,['JR6786'],/job/Louisville-KY/Customer-Care-Manager-II_JR6786
Land Project Manager,"Louisville, KY",Posted 30+ Days Ago,['JR6782'],/job/Louisville-KY/Land-Project-Manager_JR6782
Land Project Manager,"Medina, OH",Posted 30+ Days Ago,['JR6780'],/job/Medina-OH/Land-Project-Manager_JR6780
Procurement Intern (Multiple Locations),17 Locations,Posted 30+ Days Ago,['JR6190'],/job/Atlanta-GA/Procurement-Intern--Multiple-Locations-_JR6190
Marketing Intern (Multiple Locations),9 Locations,Posted 30+ Days Ago,['JR6189'],/job/Atlanta-GA/Marketing-Intern--Multiple-Locations-_JR6189
Land Intern (Multiple Locations),25 Locations,Posted 30+ Days Ago,['JR6188'],/job/Atlanta-GA/Land-Intern--Multiple-Locations-_JR6188
"General Sales Manager - Austin, TX","Austin, TX",Posted 30+ Days Ago,['JR6777'],/job/Austin-TX/General-Sales-Manager_JR6777
Financial Analyst,"Alpharetta, GA",Posted 30+ Days Ago,['JR6776'],/job/Alpharetta-GA/Financial-Analyst_JR6776
Senior Procurement Agent,"Mission Viejo, CA",Posted 30+ Days Ago,['JR6773'],/job/Mission-Viejo-CA/Senior-Procurement-Agent_JR6773
"Office Coordinator - Coppell, TX","Coppell, TX",Posted 30+ Days Ago,['JR6478'],/job/Coppell-TX/Office-Coordinator---Coppell--TX_JR6478
Assistant Controller,"Fairfax, VA",Posted 30+ Days Ago,['JR6538'],/job/Fairfax-VA/Assistant-Controller_JR6538
Design Center Consultant,"Schaumburg, IL",Posted 30+ Days Ago,['JR6663'],/job/Schaumburg-IL/Design-Center-Consultant_JR6663-1
Virtual Customer Care Manager,"Carmel, IN",Posted 30+ Days Ago,['JR6766'],/job/Carmel-IN/Virtual-Customer-Care-Manager_JR6766
Design Center Consultant,"Medina, OH",Posted 30+ Days Ago,['JR6765'],/job/Medina-OH/Design-Center-Consultant_JR6765
"Sales Consultant - Manteca, CA","Pleasanton, CA",Posted 30+ Days Ago,['JR6764'],/job/Pleasanton-CA/Sales-Consultant---Manteca--CA_JR6764
"Customer Care Manager II - Brentwood, TN","Brentwood, TN",Posted 30+ Days Ago,['JR6760'],/job/Brentwood-TN/Customer-Care-Manager-II---Brentwood--TN_JR6760
Treasury Administrator,"Atlanta, GA",Posted 30+ Days Ago,['JR6758'],/job/Atlanta-GA/Treasury-Administrator_JR6758
NSS A/P Lien Coordinator,"Atlanta, GA",Posted 30+ Days Ago,['JR6755'],/job/Atlanta-GA/NSS-A-P-Lien-Coordinator_JR6755
"Sales Administrator - Coppell, TX","Coppell, TX",Posted 30+ Days Ago,['JR5849'],/job/Coppell-TX/Sales-Administrator---Coppell--TX_JR5849
Construction Manager - Sacramento,"Pleasanton, CA",Posted 30+ Days Ago,['JR6753'],/job/Pleasanton-CA/Construction-Manager---Sacramento_JR6753
Construction Manager - HD,"Pleasanton, CA",Posted 30+ Days Ago,['JR6752'],/job/Pleasanton-CA/Construction-Manager---HD_JR6752
Truss Designer (Remote),7 Locations,Posted 30+ Days Ago,['JR6182'],/job/Jacksonville-FL/Truss-Designer--Remote-_JR6182
"Procurement Agent - Nashville, TN","Brentwood, TN",Posted 30+ Days Ago,['JR6750'],/job/Brentwood-TN/Procurement-Agent---Nashville--TN_JR6750
Director Construction Operations,"Salt Lake City, UT",Posted 30+ Days Ago,['JR6745'],/job/Salt-Lake-City-UT/Director-Construction-Operations_JR6745
Division Director Sales,"Salt Lake City, UT",Posted 30+ Days Ago,['JR6744'],/job/Salt-Lake-City-UT/Division-Director-Sales_JR6744
"Land Development Manager - Savannah, GA","Savannah, GA",Posted 30+ Days Ago,['JR6668'],/job/Savannah-GA/Land-Development-Manager---Savannah--GA_JR6668-1
Area Scheduling Manager,"Florence, SC",Posted 30+ Days Ago,['JR6734'],/job/Florence-SC/Area-Scheduling-Manager_JR6734
Manager Land Acquisition,"Salt Lake City, UT",Posted 30+ Days Ago,['JR6732'],/job/Salt-Lake-City-UT/Manager-Land-Acquisition_JR6732-1
"Manager Land Acquisition - St. George, Utah","Salt Lake City, UT",Posted 30+ Days Ago,['JR6731'],/job/Salt-Lake-City-UT/Manager-Land-Acquisition---St-George--Utah_JR6731
Sales Consultant,"Scottsdale, Arizona",Posted 30+ Days Ago,['JR6730'],/job/Scottsdale-Arizona/Sales-Consultant_JR6730
Land Aquisition Manager,"San Antonio, TX",Posted 30+ Days Ago,['JR6726'],/job/San-Antonio-TX/Land-Aquisition-Manager_JR6726
Construction Intern (Multiple Locations),43 Locations,Posted 30+ Days Ago,['JR6186'],/job/Atlanta-GA/Construction-Intern--Multiple-Locations-_JR6186
Manager Market Intelligence (FIELD),"Fairfax, VA",Posted 30+ Days Ago,['JR6723'],/job/Fairfax-VA/Manager-Market-Intelligence--FIELD-_JR6723
Sales Consultant (Villa Rica),"Alpharetta, GA",Posted 30+ Days Ago,['JR6430'],/job/Alpharetta-GA/Sales-Consultant_JR6430
Division Vice President of Land Acquisition,"Fairfax, VA",Posted 30+ Days Ago,['JR6712'],/job/Fairfax-VA/Division-Vice-President-of-Land-Acquisition_JR6712
"General Sales Manager - Wilmington, NC","Wilmington, NC",Posted 30+ Days Ago,['JR6615'],/job/Wilmington-NC/General-Sales-Manager---Wilmington--NC_JR6615
"IT UX/UI Intern - Atlanta, Ga","Atlanta, GA",Posted 30+ Days Ago,['JR6639'],/job/Atlanta-GA/IT-Intern_JR6639
Division Product Agent,"Carmel, IN",Posted 30+ Days Ago,['JR6707'],/job/Carmel-IN/Division-Product-Agent_JR6707
"Land Intern - Coppell, TX","Coppell, TX",Posted 30+ Days Ago,['JR6556'],/job/Coppell-TX/Land-Intern---Coppell--TX_JR6556
Customer Care Manager (Ocala),"Ocala, FL",Posted 30+ Days Ago,['JR6687'],/job/Ocala-FL/Customer-Care-Manager_JR6687
"Division Product Agent - Myrtle Beach, SC","Myrtle Beach, SC",Posted 30+ Days Ago,['JR6701'],/job/Myrtle-Beach-SC/Division-Product-Agent---Myrtle-Beach--NC_JR6701
Marketing Coordinator,"Riverview, FL",Posted 30+ Days Ago,['JR6678'],/job/Riverview-FL/Marketing-Coordinator_JR6678-1
Sales Consultant (Gwinnett County),"Alpharetta, GA",Posted 30+ Days Ago,['JR6698'],/job/Alpharetta-GA/Sales-Consultant--Gwinnett-County-_JR6698
2nd Shift Component Assembler - Truss,"Florence, SC",Posted 30+ Days Ago,['JR6691'],/job/Florence-SC/XMLNAME-2nd-Shift-Component-Assembler---Truss_JR6691
"Sales Consultant - Vancouver, WA","Bellevue, WA",Posted 30+ Days Ago,['JR6683'],/job/Bellevue-WA/Sales-Consultant---Vancouver--WA_JR6683
Permit Coordinator,"Orlando, FL",Posted 30+ Days Ago,['JR6684'],/job/Orlando-FL/Permit-Coordinator_JR6684
Assistant Superintendent,"Savannah, GA",Posted 30+ Days Ago,['JR5700'],/job/Savannah-GA/Assistant-Superintendent_JR5700
Virtual Customer Care Manager II,"Westborough, MA",Posted 30+ Days Ago,['JR6619'],/job/Westborough-MA/Virtual-Customer-Care-Manager-II_JR6619
Customer Care Manager II,"Westborough, MA",Posted 30+ Days Ago,['JR6618'],/job/Westborough-MA/Customer-Care-Manager-II_JR6618
"Sales Intern - Coppell, TX","Coppell, TX",Posted 30+ Days Ago,['JR6555'],/job/Coppell-TX/Sales-Intern---Coppell--TX_JR6555
Finance Administrative Assistant,"Bridgewater TWP, New Jersey",Posted 30+ Days Ago,['JR6650'],/job/Bridgewater-TWP-New-Jersey/Finance-Administrative-Assistant_JR6650
"NSS Intern - Atlanta, Ga","Atlanta, GA",Posted 30+ Days Ago,['JR6642'],/job/Atlanta-GA/NSS-Intern---Atlanta--Ga_JR6642
Director of People Analytics & Strategy,"Atlanta, GA",Posted 30+ Days Ago,['JR6612'],/job/Atlanta-GA/Director-of-People-Analytics---Strategy_JR6612-1
"Sales Trainee - Raleigh, NC","Cary, NC",Posted 30+ Days Ago,['JR6565'],/job/Cary-NC/Sales-Trainee---Raleigh--NC_JR6565
"Sales Consultant - Wilmington, NC","Wilmington, NC",Posted 30+ Days Ago,['JR6498'],/job/Wilmington-NC/Sales-Trainee---Wilmington--NC_JR6498
Sales Consultant - Southeast Valley,"Scottsdale, Arizona",Posted 30+ Days Ago,['JR6578'],/job/Scottsdale-Arizona/Sales-Consultant---Southeast-Valley_JR6578
Paralegal,"Scottsdale, AZ",Posted 30+ Days Ago,['JR6575'],/job/Scottsdale-AZ/Paralegal_JR6575
"Sales Trainee - Charlotte, NC","Charlotte, NC",Posted 30+ Days Ago,['JR6572'],/job/Charlotte-NC/Sales-Trainee---Charlotte--NC_JR6572
California State Escrow Manager (PGP Escrow),"Mission Viejo, CA",Posted 30+ Days Ago,['JR6409'],/job/Mission-Viejo-CA/Mulit-Market-Manager--PGP-Escrow-_JR6409
Sales Consultant,"Alpharetta, GA",Posted 30+ Days Ago,['JR6561'],/job/Alpharetta-GA/Sales-Consultant_JR6561
Procurement Agent,"Dublin, OH",Posted 30+ Days Ago,['JR6545'],/job/Dublin-OH/Procurement-Agent_JR6545
"Sales Trainee - Raleigh, NC","Cary, NC",Posted 30+ Days Ago,['JR6563'],/job/Cary-NC/Sales-Trainee---Raleigh--NC_JR6563
"Sales Trainee - Raleigh, NC","Cary, NC",Posted 30+ Days Ago,['JR6566'],/job/Cary-NC/Sales-Trainee---Raleigh--NC_JR6566
"Sales Trainee - Raleigh, NC","Cary, NC",Posted 30+ Days Ago,['JR6564'],/job/Cary-NC/Sales-Trainee---Raleigh--NC_JR6564
"Resident Ambassador - Buckeye, AZ","Scottsdale, AZ",Posted 30+ Days Ago,['JR6551'],/job/Scottsdale-AZ/Resident-Ambassador_JR6551
Resident Ambassador,"Scottsdale, AZ",Posted 30+ Days Ago,['JR6552'],/job/Scottsdale-AZ/Resident-Ambassador_JR6552
Assistant Construction Manager (Polk County),"Riverview, FL",Posted 30+ Days Ago,['JR6543'],/job/Riverview-FL/Assistant-Construction-Manager--Polk-County-_JR6543
"Sales Administrator - Charleston, SC","North Charleston, SC",Posted 30+ Days Ago,['JR6522'],/job/North-Charleston-SC/Sales-Administrator---Charleston--SC_JR6522
IT Director I,"Atlanta, GA",Posted 30+ Days Ago,['JR6509'],/job/Atlanta-GA/IT-Director-I_JR6509
Host II,"Jacksonville, FL",Posted 30+ Days Ago,['JR6506'],/job/Jacksonville-FL/Host-II_JR6506
"Sales Trainee - Savannah, GA","Savannah, GA",Posted 30+ Days Ago,['JR6499'],/job/Savannah-GA/Sales-Trainee---Savannah--GA_JR6499
1st Shift Machine Operator - Truss,"Florence, SC",Posted 30+ Days Ago,['JR6503'],/job/Florence-SC/XMLNAME-1st-Shift-Machine-Operator---Truss_JR6503
1st Shift Material Handler - Truss,"Florence, SC",Posted 30+ Days Ago,['JR6502'],/job/Florence-SC/XMLNAME-1st-Shift-Material-Handler---Truss_JR6502
"Crane Operator (Sign-On Bonus $1,000)",Myrtle Beach Svc Center (ICG),Posted 30+ Days Ago,['JR6003'],/job/Myrtle-Beach-Svc-Center-ICG/Crane-Operator--Summerville--SC--Sign-On-Bonus--1-000_JR6003
Sales Trainee,"Alpharetta, GA",Posted 30+ Days Ago,['JR6496'],/job/Alpharetta-GA/Sales-Trainee_JR6496
"Land Project Manager - Raleigh, NC","Cary, NC",Posted 30+ Days Ago,['JR6490'],/job/Cary-NC/Land-Project-Manager---Raleigh--NC_JR6490
Area Construction Manager,"Greenville, SC",Posted 30+ Days Ago,['JR6486'],/job/Greenville-SC/Area-Construction-Manager_JR6486
Land Project Manager,"Salt Lake City, UT",Posted 30+ Days Ago,['JR6481'],/job/Salt-Lake-City-UT/Land-Project-Manager_JR6481
"Sales Consultant - Charlotte, NC","Charlotte, NC",Posted 30+ Days Ago,['JR6475'],/job/Charlotte-NC/Sales-Consultant---Charlotte--NC_JR6475
Sales Consultant (Melbourne/Palm Bay Area),"Orlando, FL",Posted 30+ Days Ago,['JR6474'],/job/Orlando-FL/Sales-Consultant--Melbourne-Palm-Bay-Area-_JR6474
"Sales Consultant - Charlotte, NC","Charlotte, NC",Posted 30+ Days Ago,['JR6473'],/job/Charlotte-NC/Sales-Consultant---Charlotte--NC_JR6473-1
Manager Land Acquisition,"Mission Viejo, CA",Posted 30+ Days Ago,['JR6468'],/job/Mission-Viejo-CA/Manager-Land-Acquisition_JR6468
"Land Acquisition Manager - Myrtle Beach, SC/Wilmington, NC",2 Locations,Posted 30+ Days Ago,['JR6236'],/job/Myrtle-Beach-SC/Land-Acquisition-Manager---Myrtle-Beach--SC-Wilmington--NC_JR6236
"Online Sales Specialist - Charleston, SC","North Charleston, SC",Posted 30+ Days Ago,['JR6423'],/job/North-Charleston-SC/Online-Sales-Specialist---Charleston--SC_JR6423
1st Shift Component Assembler (Panel),"Florence, SC",Posted 30+ Days Ago,['JR5848'],/job/Florence-SC/XMLNAME-1st-Shift-Component-Assembler--Panel-_JR5848-1
1st Shift Component Assembler (Truss),"Florence, SC",Posted 30+ Days Ago,['JR4337'],/job/Florence-SC/Component-Assembler--Truss-_JR4337
"General Sales Manager - Charlotte, NC","Charlotte, NC",Posted 30+ Days Ago,['JR6382'],/job/Charlotte-NC/General-Sales-Manager---Charlotte--NC_JR6382
Sales Consultant,2 Locations,Posted 30+ Days Ago,['JR6341'],/job/Jacksonville-FL/Sales-Consultant_JR6341
Land Acquisition Manager,"Philadelphia, PA",Posted 30+ Days Ago,['JR6281'],/job/Philadelphia-PA/Land-Acquisition-Manager_JR6281
Resource Scheduling Coordinator,"Greenville, SC",Posted 30+ Days Ago,['JR6269'],/job/Greenville-SC/Resource-Scheduling-Coordinator_JR6269-1
"Sales Consultant - Bluffton/Hilton Head, SC","Bluffton, South Carolina",Posted 30+ Days Ago,['JR6258'],/job/Bluffton-South-Carolina/Sales-Consultant---Bluffton-Hilton-Head--SC_JR6258-1
Customer Care Manager II (Covington Area),"Covington, GA",Posted 30+ Days Ago,['JR6206'],/job/Covington-GA/Customer-Care-Manager-II--Covington-Area-_JR6206
Manager Growth and Strategic Partnerships,"Atlanta, GA",Posted 30+ Days Ago,['JR5718'],/job/Atlanta-GA/Manager-Growth-and-Strategic-Partnerships_JR5718
Sales Consultant,"Bonita Springs, FL",Posted 30+ Days Ago,['JR5680'],/job/Bonita-Springs-FL/Sales-Consultant_JR5680
"Land Acquisition Manager - Raleigh, NC","Cary, NC",Posted 30+ Days Ago,['JR6125'],/job/Cary-NC/Land-Acquisition-Manager---Raleigh--NC_JR6125
Land Project Manager,"Bonita Springs, FL",Posted 30+ Days Ago,['JR5819'],/job/Bonita-Springs-FL/Project-Manager_JR5819
"General Sales Manager - Columbia, SC","Columbia, SC",Posted 30+ Days Ago,['JR6117'],/job/Columbia-SC/General-Sales-Manager---Columbia--SC_JR6117
"Sales Consultant - Salt Lake City, Utah","Salt Lake City, UT",Posted 30+ Days Ago,['JR6116'],/job/Salt-Lake-City-UT/Sales-Consultant---Salt-Lake-City--Utah_JR6116
Sales Consultant (Englewood Area),"Bonita Springs, FL",Posted 30+ Days Ago,['JR6114'],/job/Bonita-Springs-FL/Sales-Consultant--Englewood-Area-_JR6114
Sales Consultant (Bradenton Area),"Bonita Springs, FL",Posted 30+ Days Ago,['JR6113'],/job/Bonita-Springs-FL/Sales-Consultant--Bradenton-Area-_JR6113
Assistant Customer Care Manager,"Myrtle Beach, SC",Posted 30+ Days Ago,['JR6103'],/job/Myrtle-Beach-SC/Assistant-Customer-Care-Manager_JR6103
Lead Punch Carpenter,Myrtle Beach Svc Center (ICG),Posted 30+ Days Ago,['JR6086'],/job/Myrtle-Beach-Svc-Center-ICG/Lead-Punch-Carpenter_JR6086
"Crane Operator (Summerville, SC) Sign-On Bonus $1,000",Charleston Svc Center (ICG),Posted 30+ Days Ago,['JR6002'],/job/Charleston-Svc-Center-ICG/Crane-Operator--Summerville--SC--Sign-On-Bonus--1-000_JR6002
"Host - Lathrop, CA","Pleasanton, CA",Posted 30+ Days Ago,['JR5941'],/job/Pleasanton-CA/Host---Lathrop--CA_JR5941
NSS Senior Accountant I,"Atlanta, GA",Posted 30+ Days Ago,['JR4480'],/job/Atlanta-GA/NSS-Senior-Accountant-I_JR4480-1
Civil Engineering Project Manager,"Alpharetta, GA",Posted 30+ Days Ago,['JR5917'],/job/Alpharetta-GA/Civil-Engineering-Project-Manager_JR5917-1
"Sales Consultant - San Jose, CA","Pleasanton, CA",Posted 30+ Days Ago,['JR5918'],/job/Pleasanton-CA/Sales-Consultant---San-Jose--CA_JR5918
"General Sales Manager - Houston, Texas","Houston, TX",Posted 30+ Days Ago,['JR5907'],/job/Houston-TX/General-Sales-Manager---Houston--Texas_JR5907
Land Project Manager,"Riverview, FL",Posted 30+ Days Ago,['JR5902'],/job/Riverview-FL/Land-Project-Manager_JR5902
Procurement Coordinator,"Riverview, FL",Posted 30+ Days Ago,['JR5904'],/job/Riverview-FL/Procurement-Coordinator_JR5904
Land Acquisition Manager,"Riverview, FL",Posted 30+ Days Ago,['JR5736'],/job/Riverview-FL/Land-Acquisition-Manager_JR5736
"Sales Consultant - Hilton Head, SC","Hilton Head, SC",Posted 30+ Days Ago,['JR5867'],/job/Hilton-Head-SC/Sales-Consultant---Hilton-Head--SC_JR5867
Sales Consultant,"Las Vegas, NV",Posted 30+ Days Ago,['JR4758'],/job/Las-Vegas-NV/Sales-Consultant_JR4758
Corporate Audit Manager,"Atlanta, GA",Posted 30+ Days Ago,['JR5545'],/job/Atlanta-GA/Corporate-Audit-Manager_JR5545
"Commercial Superintendent (Residential Amenities) - Ft. Myers/Naples, FL","Estero, FL",Posted 30+ Days Ago,['JR5778'],/job/Estero-FL/Commercial-Superintendent--Residential-Amenities----Ft-Myers-Naples--FL_JR5778
Construction Manager - Orange County,"Mission Viejo, CA",Posted 30+ Days Ago,['JR5272'],/job/Mission-Viejo-CA/Construction-Manager---Orange-County_JR5272
Closing Coordinator,"Orlando, FL",Posted 30+ Days Ago,['JR5415'],/job/Orlando-FL/Closing-Coordinator_JR5415
"Host II - Wilmington, NC","Wilmington, NC",Posted 30+ Days Ago,['JR5659'],/job/Wilmington-NC/Host-II---Wilmington--NC_JR5659
Manager Land Acquisition,"Las Vegas, NV",Posted 30+ Days Ago,['JR5683'],/job/Las-Vegas-NV/Manager-Land-Acquisition_JR5683
"Assistant Construction Manager - Savannah, GA","Savannah, GA",Posted 30+ Days Ago,['JR5077'],/job/Savannah-GA/Assistant-Construction-Manager---Savannah--GA_JR5077
"Land Project Manager - Columbia, SC","Columbia, SC",Posted 30+ Days Ago,['JR4037'],/job/Columbia-SC/Assistant-Project-Manager-Land-Planning---Entitlements---Columbia--SC_JR4037
Construction Manager (North Sarasota),"Bonita Springs, FL",Posted 30+ Days Ago,['JR4122'],/job/Bonita-Springs-FL/Construction-Manager--North-Sarasota-_JR4122
Customer Care Manager (Winter Haven Area),"Riverview, FL",Posted 30+ Days Ago,['JR5089'],/job/Riverview-FL/Customer-Care-Manager--Winter-Haven-Area-_JR5089
Customer Care Manager II (Wesley Chapel),"Riverview, FL",Posted 30+ Days Ago,['JR4529'],/job/Riverview-FL/Customer-Care-Manager-II--Wesley-Chapel-_JR4529
"General Sales Manager - Myrtle Beach, SC","Myrtle Beach, SC",Posted 30+ Days Ago,['JR5023'],/job/Myrtle-Beach-SC/General-Sales-Manager---Myrtle-Beach--SC_JR5023
Land Coordinator,"Bonita Springs, FL",Posted 30+ Days Ago,['JR5185'],/job/Bonita-Springs-FL/Land-Coordinator_JR5185
"Land Project Manager - Savannah, GA","Hilton Head, SC",Posted 30+ Days Ago,['JR4032'],/job/Hilton-Head-SC/Land-Project-Manager---Hilton-Head--SC_JR4032
Land Project Manager,"West Palm Beach, FL",Posted 30+ Days Ago,['JR4750'],/job/West-Palm-Beach-FL/Land-Project-Manager_JR4750
Manager of Land Development,"West Palm Beach, FL",Posted 30+ Days Ago,['JR4751'],/job/West-Palm-Beach-FL/Manager-of-Land-Development_JR4751
Procurement Coordinator,"West Palm Beach, FL",Posted 30+ Days Ago,['JR4387'],/job/West-Palm-Beach-FL/Procurement-Coordinator_JR4387
"Sales Consultant - San Jose, CA","Pleasanton, CA",Posted 30+ Days Ago,['JR5207'],/job/Pleasanton-CA/Sales-Consultant---San-Jose--CA_JR5207
Sales Consultant,"Greenville, SC",Posted 30+ Days Ago,['JR3975'],/job/Greenville-SC/Sales-Consultant_JR3975
"Land Acquisition Manager - Myrtle Beach, SC","Myrtle Beach, SC",Posted 30+ Days Ago,['JR3613'],/job/Myrtle-Beach-SC/Land-Acquisition-Manager_JR3613
Assistant Construction Manager,"Albuquerque, NM",Posted 30+ Days Ago,['JR4896'],/job/Albuquerque-NM/Assistant-Construction-Manager_JR4896
Construction Manager,"West Palm Beach, FL",Posted 30+ Days Ago,['JR4851'],/job/West-Palm-Beach-FL/Construction-Manager_JR4851
Land Acquisition Manager,"Riverview, FL",Posted 30+ Days Ago,['JR4404'],/job/Riverview-FL/Land-Acquisition-Manager_JR4404
